{"lr": 0.0004761904761904762, "_timestamp": 1683841174.4819388, "_runtime": 78.38615989685059, "_step": 268, "Train/Batch loss": 2.3097469557577104, "_wandb": {"runtime": 77}}