{"_runtime": 1074.5341970920563, "_timestamp": 1683727770.7101371, "Val/Val acc": 21.64, "Train/Batch loss": 2.05669008776746, "Train/Epoch Loss": 2.07079655541314, "lr": 0.0004761904761904762, "_step": 3902, "_wandb": {"runtime": 2015}}