{"_runtime": 1902.6397590637207, "_timestamp": 1683725197.301332, "Val/Val acc": 24.72, "Train/Batch loss": 2.013840517866502, "Train/Epoch Loss": 2.0182238609260983, "lr": 0.0007142857142857143, "_step": 7143, "_wandb": {"runtime": 3251}}