{"Train/Batch loss": 2.369765531449091, "_timestamp": 1683732108.6277142, "_runtime": 14.419597148895264, "_step": 20, "_wandb": {"runtime": 13}}