{"Train/Batch loss": 1.948362354606791, "_timestamp": 1683735383.953174, "_runtime": 3221.2784910202026, "_step": 12105}