{"Train/Batch loss": 2.045439014400261, "_timestamp": 1683912267.195273, "_runtime": 388.6400890350342, "_step": 139}